Country,Year,Merchandise imports (current US$) [TM.VAL.MRCH.CD.WT],GDP (current US$) [NY.GDP.MKTP.CD],GDP per capita (current US$) [NY.GDP.PCAP.CD],"Population, total [SP.POP.TOTL]",Food imports (% of merchandise imports) [TM.VAL.FOOD.ZS.UN],Food imports (current US$),Food imports per capita (current US$),Food imports (% GDP)
"Bahamas, The",1987,1064000000,2713999900,11150.6900362788,243393,7.27864921965627,77444827.6971427,318.1883936561146,2.853530970916495
"Bahamas, The",1988,888000000,2817900000,11381.8215599869,247579,9.39782532604185,83452688.89525163,337.074989782056,2.961520596729892
"Bahamas, The",1989,1516000000,3062000000,12158.078848834,251849,,,,
"Bahamas, The",1990,1738000000,3166000000,12350.9768428937,256336,,,,
"Bahamas, The",1991,1806000000,3111160000,11914.8577643653,261116,,,,
"Bahamas, The",1992,1038000000,3109000000,11682.084964717,266134,,,,
"Bahamas, The",1993,954000000,3092000000,11402.651522136,271165,,,,
"Bahamas, The",1994,1056000000,3259000000,11812.4648870041,275895,,,,
"Bahamas, The",1995,1243000000,3429000000,12239.8714974121,280150,18.7574751574175,233155416.20669952,832.2520657030145,6.7995163664829255
"Bahamas, The",1996,1366000000,3609000000,12717.1500052856,283790,,,,
"Bahamas, The",1997,1666000000,6332360000,22066.2787050911,286970,16.265487640615,270983024.0926459,944.2904278936679,4.279336994306165
"Bahamas, The",1998,1873000000,6833220000,23557.9535268565,290060,16.4936223771702,308925547.1243979,1065.0401541901601,4.520936646623376
"Bahamas, The",1999,1757000000,7683870000,26173.7154769528,293572,17.995557775329,316181950.1125306,1077.01671178631,4.114878962196531
"Bahamas, The",2000,2074000000,8076470000,27112.2562019537,297890,16.7172699726526,346716179.2328149,1163.906741524774,4.2929173170062525
"Bahamas, The",2001,1912000000,8317830000,27439.3587015686,303135,17.5055713011614,334706523.27820593,1104.1500429782307,4.023964462825111
"Bahamas, The",2002,1728000000,8881160000,28727.0221926076,309157,18.6425661995033,322143543.92741704,1042.0063072400658,3.627268779387119
"Bahamas, The",2003,1762000000,8870090000,28092.4857322025,315746,18.1266374847176,319391352.4807241,1011.5452055789277,3.6007678893982367
"Bahamas, The",2004,1905000000,9055290000,28076.1551006741,322526,18.3550981561057,349664619.8738136,1084.1439755982885,3.8614403279609335
"Bahamas, The",2005,2311600000,9836200000,29874.6541371424,329249,15.6437057300019,361619901.65472394,1098.3173879183353,3.676418755766698
"Bahamas, The",2006,2727300000,10167250000,30274.9903224846,335830,14.7778544718869,403036425.01177144,1200.1203734382618,3.964065258666517
"Bahamas, The",2007,2956300000,10618340000,31018.0294921829,342328,15.214841100211,449796347.44553775,1313.9338512933145,4.236032632648208
"Bahamas, The",2008,3199000000,10526000000,30188.4844382751,348676,15.6419465008009,500385868.5606208,1435.1026986675904,4.753808365576865
"Bahamas, The",2009,2535300000,9981960000,28129.6075027617,354856,18.3716068943149,465775349.59156567,1312.5756633439075,4.6661712688847246
"Bahamas, The",2010,2590600000,10095760000,27979.1149343739,360832,17.529266361099,454113174.35063076,1258.5169118887204,4.498058336872417
"Bahamas, The",2011,2965700000,10070450000,27472.2561707514,366568,15.8600500029136,470361502.93640864,1283.149382751382,4.670709878271662
"Bahamas, The",2012,3385500000,10720500000,28815.527404385,372039,15.8754204691565,537462359.9832933,1444.6398361013046,5.013407583445672
"Bahamas, The",2013,3165900000,10627600000,28171.9860036051,377240,16.1053018844136,509877752.35865015,1351.6004462905582,4.797675414568201
"Bahamas, The",2014,3344200000,10957300000,28671.3469695344,382169,16.051069252195,536779857.93190515,1404.561484400632,4.898833270348582
"Bahamas, The",2015,2954000000,11792300000,30483.8201004038,386838,19.3342990872855,571135195.0384136,1476.4195736675654,4.843289222954077
"Bahamas, The",2016,2650900000,11838800000,30260.3059054474,391232,,,,
"Bahamas, The",2017,2890000000,12162100000,30762.0124392644,395361,,,,
Barbados,1987,515000000,1713771321.27522,6652.55490361524,257611,19.4054174886507,99937900.06655109,387.9411207850251,5.831460640395543
Barbados,1988,582000000,1822815594.37716,7050.7745588552,258527,19.7882509929809,115167620.77914883,445.4761815173999,6.318116935931776
Barbados,1989,673000000,2015731028.99116,7769.00704156804,259458,18.3848724909253,123730191.86392726,476.8794635892023,6.13822926195923
Barbados,1990,704000000,2023318251.8769,7770.81525757908,260374,17.3810405157061,122362525.23057094,469.94909334484606,6.047616340981614
Barbados,1991,699000000,2007109829.46353,7681.98193268981,261275,18.6365423673423,130269431.14772269,498.5912588181904,6.490398743278625
Barbados,1992,524000000,1950900000,7440.95749549934,262184,21.6372882121013,113379390.2314108,432.4420644715574,5.811645406295084
Barbados,1993,577000000,2046189031.96937,7777.55448524786,263089,19.8951259508915,114794876.73664396,436.3347640404728,5.610179457670085
Barbados,1994,615000000,2151295182.22045,8148.38241092534,264015,20.5620904267608,126456856.12457892,478.976028349067,5.878173166085792
Barbados,1995,771000000,2261969870.23318,8537.0561869315,264959,18.2619809675897,140799873.26011658,531.4024934428217,6.224657326916645
Barbados,1996,833000000,2411872918.01323,9069.16890905997,265942,17.6714744410077,147203382.09359413,553.5168649314292,6.103281022569477
Barbados,1997,996000000,2549296474.91672,9549.89407899275,266945,17.6861561730285,176154115.48336387,659.889173737526,6.909910919212268
Barbados,1998,1010000000,2874459304.92716,10727.5958385041,267950,16.7343433553751,169016867.8892885,630.7776372057791,5.879953408961951
Barbados,1999,1108000000,3012081738.17929,11200.5776328426,268922,16.3120429792992,180737436.21063513,672.0812585457312,6.000416055106304
Barbados,2000,1156000000,3121500000,11567.6661219135,269847,15.4221999552866,178280631.4831131,660.673016498657,5.7113769496432205
Barbados,2001,1087000000,3116650000,11513.9368638824,270685,17.1504909124429,186425836.21825433,688.718755077874,5.981609619888481
Barbados,2002,1039000000,3169600000,11675.3475419739,271478,18.8688229905645,196047070.87196514,722.1471753584642,6.185230655980727
Barbados,2003,1195000000,3274850000,12028.4803385025,272258,17.0426257143489,203659377.28646937,748.0381744024762,6.218891774782643
Barbados,2004,1412950000,3514350000,12868.7873273012,273091,20.0979098917732,283973417.8158094,1039.8490533038782,8.080396597260075
Barbados,2005,1604450000,3897300000,14223.2554405147,274009,15.0988750890839,242253901.36680666,884.1092860701899,6.215941840936203
Barbados,2006,1697361000,4246600000,15439.9921465683,275039,15.3246938065702,260115376.042138,945.739971575442,6.125261998825837
Barbados,2007,1746179000,4523750000,16381.4955640051,276150,20.3641837367797,355595099.93306243,1287.688212685361,7.860626690976788
Barbados,2008,1920188000,4607300000,16613.7192186615,277319,18.9535385010883,363943571.87327737,1312.3643597203127,7.899280964410335
Barbados,2009,1449426000,4434050000,15922.9001328689,278470,20.6346941891188,299084622.59757704,1074.028163168661,6.745179296525232
Barbados,2010,1569415000,4461650000,15959.0297922874,279569,24.9105084625774,390949256.38795906,1398.399881202705,8.762436685709526
Barbados,2011,1804907000,4660900000,16610.4183520372,280601,18.5861643742034,335462981.82150334,1195.5159882591415,7.19738638077417
Barbados,2012,1779646000,4656350000,16536.2146421152,281585,19.0009130933009,338148989.8284057,1200.8771412838244,7.262104219579836
Barbados,2013,1758930000,4612500000,16326.9134788626,282509,19.6209442960807,345118675.50705224,1221.6201094728035,7.482247707469967
Barbados,2014,1739134000,4608350000,16261.7993189477,283385,19.7417450794828,343335400.8706124,1211.5510731711713,7.450289167936732
Barbados,2015,1618092000,4584150000,16129.0492827663,284217,21.4893484716902,347717428.4725414,1223.422344449985,7.585210529161161
Barbados,2016,1621538500,4529050000,15891.6265491446,284996,21.1434345527484,342848931.4951181,1202.995591149062,7.569996610660472
Barbados,2017,1695000000,4796845980.8226,16788.6839195944,285719,21.9526218948223,372096941.117238,1302.3178056665395,7.757116709705738
Grenada,1987,89000000,215009555.555556,2163.509313298,99380,27.2202113140675,24225988.069520075,243.77126252284236,11.267400654321317
Grenada,1988,92000000,236357518.518519,2410.28653829739,98062,26.9943593517093,24834810.60357256,253.25621141290773,10.507307217995992
Grenada,1989,99000000,267327629.62963,2759.68193776781,96869,28.1318239159671,27850505.67680743,287.50689773619456,10.418117167833723
Grenada,1990,105000000,278098777.777778,2888.34766031156,96283,28.0038442213935,29404036.432463173,305.39177666320296,10.573234685683957
Grenada,1991,121000000,300757888.888889,3118.14843229818,96454,26.0189050990325,31482875.169829328,326.4030021546989,10.467846840572902
Grenada,1992,107000000,310160444.444444,3191.01673331184,97198,,,,
Grenada,1993,118000000,309812185.185185,3151.54046269452,98305,25.4687496107029,30053124.540629424,305.71308214871493,9.70043335211805
Grenada,1994,119000000,325111814.814815,3270.57808777038,99405,26.6090944223148,31664822.36255461,318.5435577944229,9.73967137447497
Grenada,1995,124000000,342172518.518519,3413.02197913838,100255,27.4758582958249,34070064.28682288,339.83406599992895,9.956984399078486
Grenada,1996,152000000,366911444.444444,3640.13893849403,100796,26.1858919780491,39802555.80663463,394.8822949981609,10.848000630479474
Grenada,1997,173000000,392190592.592593,3878.39038579728,101122,23.312187222553,40330083.895016685,398.82601110556243,10.2832869162957
Grenada,1998,200000000,445903592.592593,4401.42132083618,101309,20.341541832719,40683083.665438,401.57422998389086,9.123739826561287
Grenada,1999,202000000,482009370.37037,4751.57597809951,101442,20.1774344383614,40758417.56549003,401.7903586826958,8.455938840809624
Grenada,2000,239000000,520044370.37037,5117.58992285272,101619,18.3962338586391,43966998.922147445,432.6651405952376,8.454470700420163
Grenada,2001,212000000,520444185.185185,5109.95871520766,101849,20.1486317523151,42715099.31490801,419.396354553388,8.207431369361746
Grenada,2002,199000000,540336925.925926,5292.23237929408,102100,21.6135768303975,43011017.89249102,421.2636424338004,7.960036752769945
Grenada,2003,254420000,591018407.407407,5773.07357662913,102375,17.8525166004397,45420372.73483869,443.6666445405488,7.685102894524406
Grenada,2004,233450000,599118592.592593,5836.17706312921,102656,23.6043183411279,55104281.167363085,536.7857813217258,9.197558187755089
Grenada,2005,328144444.444444,695370296.296296,6754.5123925079,102949,16.4438268846123,53959504.37591716,524.1382080051012,7.759823027143672
Grenada,2006,298908000,698700666.666667,6766.48685990245,103259,18.6898848418539,55865560.98308865,541.0236491065054,7.995635849270021
Grenada,2007,365125000,758683592.592593,7324.19045616775,103586,18.2057957242532,66473911.63817949,641.7267935645694,8.761743668532905
Grenada,2008,363304000,825977888.888889,7947.44432684392,103930,20.8673438938716,75811895.06019127,729.4515064003779,9.178441224640281
Grenada,2009,281828000,771278111.111111,7395.08812525035,104296,24.0894646200165,67890856.3493001,650.9440088718657,8.802383390797369
Grenada,2010,318010000,771015888.888889,7365.6666592364,104677,,,,
Grenada,2011,335563000,778648666.666667,7410.408438417,105075,,,,
Grenada,2012,341267000,799882148.148148,7583.18700190696,105481,,,,
Grenada,2013,368437000,842620111.111111,7956.07654789594,105909,,,,
Grenada,2014,339553000,911481481.481481,8569.77699775744,106360,,,,
Grenada,2015,371989000,997007925.925926,9333.2702313727,106823,,,,
Grenada,2016,350509000,1056188592.59259,9841.76405036101,107317,,,,
Grenada,2017,395000000,1118816679.40741,10376.2270290508,107825,,,,
Jamaica,1987,1238000000,3286987551.71597,1381.50572157194,2379279,18.0588957549861,223569129.44672793,93.96507490156804,6.8016421093537085
Jamaica,1988,1440000000,3828310734.97795,1599.43862714211,2393534,19.0832083884264,274798200.79334015,114.80856373602387,7.178053711330278
Jamaica,1989,1852000000,4404970058.83786,1829.51923763472,2407720,18.7305126711911,346889094.67045915,144.07368575684015,7.874947843844756
Jamaica,1990,1928000000,4592224067.37194,1894.29275929216,2424242,15.133971156174,291782963.8910347,120.36049366813822,6.353848584266005
Jamaica,1991,1823000000,4071219198.03601,1666.01363677457,2443689,14.3671361418044,261912891.86509418,107.17930631315777,6.433279052904918
Jamaica,1992,1676000000,3530892749.02131,1432.20052431299,2465362,14.7950320994122,247964737.98614848,100.57944350004117,7.02272075680801
Jamaica,1993,2132000000,5405097570.68897,2171.78425860078,2488782,14.0262869356392,299040437.4678278,120.15533601087914,5.532563169432483
Jamaica,1994,2224000000,5419134875.33794,2156.39841297879,2513049,13.998796991658,311333245.0944739,123.88665923126604,5.745072825393721
Jamaica,1995,2818000000,6538840169.73126,2576.94375817015,2537440,14.3390512701535,404074464.7929256,159.24493378874993,6.179604552247874
Jamaica,1996,2965000000,7368000000,2875.88607775275,2561993,14.6225917451175,433559845.2427339,169.22756824188588,5.8843627204497
Jamaica,1997,3132000000,8375077442.97381,3237.5869909251,2586827,16.7367679237158,524195571.37077886,202.6403665072225,6.258993722028776
Jamaica,1998,3035000000,8763219645.29332,3355.79780448069,2611367,18.2420291936419,553645586.0270317,212.013702412197,6.31783303896065
Jamaica,1999,2899000000,8851581632.65306,3359.3844554151,2634882,17.4886139013831,506994917.0010961,192.41655489737155,5.727732489421056
Jamaica,2000,3326000000,8985352831.94058,3381.93932092142,2656864,15.460300647421,514209599.53322244,193.540053060007,5.722753565172663
Jamaica,2001,3360000000,9178016493.05556,3428.45677251814,2677011,15.328465637031,515036445.40424156,192.3923530401039,5.611631290856123
Jamaica,2002,3533000000,9694169756.90153,3596.49933884839,2695446,15.1583124520344,535543178.93037534,198.6844399518207,5.524384164503704
Jamaica,2003,3638620000,9399447609.1835,3465.22008912904,2712511,15.0473578434319,547516171.9626818,201.8484614302695,5.824982432241491
Jamaica,2004,3940000000,10150978154.5484,3719.97350994545,2728777,15.0909689304763,594584175.8607663,217.89401474021741,5.857407698137425
Jamaica,2005,4739442000,11204416000,4082.24076237861,2744673,14.5884244050855,691409913.3928722,251.90975879198442,6.170869712378336
Jamaica,2006,5650427000,11905525197.3285,4313.16008176292,2760279,14.3214507825045,809223121.8063455,293.16714788843643,6.797038420345608
Jamaica,2007,6893000000,12824094989.8639,4620.51791279229,2775467,12.6791874415467,873976390.345814,314.89345409108233,6.8151116397422244
Jamaica,2008,8465405000,13678606692.2655,4902.51203792002,2790122,12.2083004328487,1033482075.2573956,370.40748585810786,7.555463056348956
Jamaica,2009,5064256000,12038829246.2425,4293.32282231494,2804082,18.1064226887584,916955597.4008086,327.00741183774534,7.616650910527735
Jamaica,2010,5225227000,13191645685.5116,4682.52124815387,2817210,17.6686674744623,923227983.4158221,327.7100334784493,6.998580809593791
Jamaica,2011,6439425000,14439910353.0576,5103.35609703138,2829493,16.7252389190517,1077009216.263145,380.63681948078505,7.458558882500902
Jamaica,2012,6331064000,14800165406.7733,5209.5061889556,2840992,16.5913106319138,1050406494.5452671,369.732295812613,7.097261859415087
Jamaica,2013,6216155000,14274983015.9485,5005.59224938734,2851807,17.401504415235,1081704486.7828512,379.30494131715477,7.577623634118051
Jamaica,2014,5835517000,13897723431.3942,4855.80048104555,2862087,16.6767330236324,973173590.6386827,340.0223650219867,7.002395719289798
Jamaica,2015,4993030000,14186886642.6685,4939.83728131233,2871934,17.9984395344696,898667485.4879276,312.91369700276107,6.334494016362223
Jamaica,2016,4767089000,14056908749.3505,4878.57579137263,2881355,18.6040313662655,886870732.8177924,307.79641273560264,6.3091448385390585
Jamaica,2017,5670000000,14768134912.4171,5109.5526491955,2890299,16.2321354509052,920362080.0663248,318.4314425830424,6.232080662348778
Japan,1987,151033000000,2532808573157.03,20745.2520919399,122091000,16.6265846474108,25111629590.523956,205.6796126702538,0.9914539083869044
Japan,1988,187378000000,3071683013178.91,25051.8543154389,122613000,17.2307443245769,32286624100.505703,263.32137783518635,1.0511053374316774
Japan,1989,209715000000,3054914166263.18,24813.2993783357,123116000,16.0991584781433,33762350202.43822,274.23202672632493,1.1051816308062385
Japan,1990,235368000000,3132817652848.04,25359.34702031,123537000,14.7314075359224,34673019289.14983,280.6691055242545,1.1067678726091397
Japan,1991,236999000000,3584420077100.84,28925.0415756881,123921000,15.6792420177197,37159646789.57551,299.86561429923506,1.0366989914762188
Japan,1992,233246000000,3908809463463.86,31464.549046228,124229000,17.1972069432718,40111797306.90375,322.8859389265288,1.0261896283723684
Japan,1993,241624000000,4454143876947.21,35765.9140886748,124536000,17.5069718125158,42301045572.27318,339.6692167106152,0.9497009243730481
Japan,1994,275235000000,4907039384469.68,39268.5668686204,124961000,18.1412740302175,49931135577.06914,399.57375162706074,1.0175409583036261
Japan,1995,335882000000,5449116304981.1,43440.3678678967,125439000,16.1944988579597,54394406654.09221,433.63233646706533,0.998224365377734
Japan,1996,349152000000,4833712542207.1,38436.9263119118,125757000,15.5350667530822,54240996269.72156,431.31592094055645,1.12213946932299
Japan,1997,338754000000,4414732843544.43,35021.7190917159,126057000,14.6746795894625,49711064096.48779,394.353856560824,1.126026553773899
Japan,1998,280484000000,4032509760872.94,31902.7670955137,126400000,15.8689874226981,44509970682.68054,352.1358440085486,1.1037783743155831
Japan,1999,309995000000,4562078822335.45,36026.5560750168,126631000,15.1530169017103,46973594744.45685,370.9486203572336,1.0296532912688652
Japan,2000,379511000000,4887519660744.86,38532.0408752935,126843000,12.7878292925791,48531218826.55987,382.60856985848545,0.9929621197506076
Japan,2001,349089000000,4303544259842.72,33846.4656414342,127149000,13.0498625156074,45555634557.10871,358.2854332877861,1.0585608467466676
Japan,2002,337194000000,4115116279069.77,32289.3505360726,127445000,13.2608644713978,44714839345.685104,350.85597195405944,1.0865996563235143
Japan,2003,382930000000,4445658071221.86,34808.3909176613,127718000,12.2998578514723,47099845670.642876,368.78001276752593,1.0594572258162398
Japan,2004,454542000000,4815148854362.11,37688.7223359406,127761000,11.5797423950606,52634792677.35635,411.97855900749335,1.093108318544997
Japan,2005,515866388000,4755410630912.14,37217.648727917,127773000,10.3972715529177,53636029210.58806,419.7759245739558,1.127894799703135
Japan,2006,579063945000,4530377224970.4,35433.988963743,127854000,9.00328578468814,52134781844.439354,407.76809364149227,1.1507823577490277
Japan,2007,622243336000,4515264514430.57,35275.2284312667,128001000,8.89168245988851,55327901564.93713,432.24585405533657,1.2253523882844914
Japan,2008,762533921000,5037908465114.48,39339.2975731826,128063000,8.663207569979,66059896367.72969,515.8390508400529,1.3112563839769675
Japan,2009,551980631000,5231382674593.7,40855.1756354596,128047000,10.4524376926942,57695431531.01528,450.58011145138335,1.1028715565239404
Japan,2010,694059160000,5700098114744.41,44507.6763859172,128070000,9.23049772920671,64065115003.15117,500.23514486726924,1.1239300396853578
Japan,2011,855380474000,6157459594823.72,48167.9972684965,127833000,9.23478693601057,78992564266.13728,617.9356212099949,1.2828758849273252
Japan,2012,885843335000,6203213121334.12,48603.4766497749,127629000,8.8992095800352,78833054932.42331,617.6735297810318,1.2708422778720965
Japan,2013,833166061000,5155717056270.83,40454.4474578903,127445000,8.60518042441985,71695442784.08194,562.5598711921373,1.3906008029839367
Japan,2014,812208203000,4850413536037.84,38109.4121125573,127276000,8.4651118900411,68754333164.04216,540.1987268930683,1.4174942539065556
Japan,2015,647982177000,4394977752877.82,34567.7456750995,127141000,10.0116430663802,64873662694.99998,510.2497439456979,1.4760862589695902
Japan,2016,607602355000,4949273341993.88,38972.3406391468,126994511,10.3313851563418,62773739514.053215,494.30277749605426,1.2683425459941153
Japan,2017,671920750728.351,4872136945507.59,38428.0973168279,126785797,10.0276517389516,67377872844.78812,531.4307630592732,1.3829223931588102
New Zealand,1987,7276000000,40338594862.2717,12319.3851888199,3274400,6.72179160380937,489077557.09316975,149.36402305557345,1.2124308215569484
New Zealand,1988,7342000000,45493075684.38,13855.4777621916,3283400,7.70432503965876,565651544.4117461,172.27616020337032,1.2433794284125794
New Zealand,1989,8784000000,44170562821.8027,13388.2646768316,3299200,7.44774662891008,654210063.8834615,198.2935450665196,1.4810996783598642
New Zealand,1990,9501000000,45519034243.71,13670.20068584,3329800,6.77599531820834,643787315.1829745,193.34113615922112,1.414325514324671
New Zealand,1991,8381000000,42756020706.7297,12233.1323014305,3495100,7.81949385807694,655351780.2454283,187.50587400801933,1.5327707523124983
New Zealand,1992,9201000000,41636005954.9128,11789.2250063462,3531700,7.2589687686717,667897716.4054831,189.11507670682195,1.6041349334245523
New Zealand,1993,9636000000,46712018140.5896,13076.540546607,3572200,7.74492813489949,746301275.0789149,208.91923046831502,1.5976643801446662
New Zealand,1994,11913000000,55154160815.6786,15235.9560264306,3620000,7.50627815871363,894222917.0475546,247.02290526175543,1.6213154253873718
New Zealand,1995,13957000000,63918039319.8725,17400.2393749313,3673400,7.40521817849876,1033546301.1730719,281.35958544483907,1.6169868665726363
New Zealand,1996,14724000000,70140835299.0148,18794.436039393,3732000,7.60752945671921,1120132637.2073364,300.14272165255534,1.596976472310517
New Zealand,1997,14519000000,66074513017.7142,17474.0203151599,3781300,7.77482745319274,1128827197.9290538,298.5288651863258,1.7084154636545283
New Zealand,1998,12495000000,56227696194.5366,14738.5835372311,3815000,9.20442628880301,1150093064.785936,301.4660720277683,2.045420927094085
New Zealand,1999,14299000000,58762260625.8758,15322.2238340267,3835100,7.78376021415751,1112999873.0223825,290.21404214293824,1.8940725921158248
New Zealand,2000,13906000000,52622842840.2055,13640.9888898062,3857700,7.72200695474736,1073822287.127168,278.35816344639755,2.040601056822293
New Zealand,2001,13308000000,53872425916.6248,13882.8568268586,3880500,8.3441454585886,1110438877.6289709,286.15871089523796,2.0612379315301896
New Zealand,2002,15047000000,66627729311.4495,16874.1874918196,3948500,8.54987786664062,1286500122.593414,325.81996266770017,1.9308779330895465
New Zealand,2003,18559000000,88250885550.2626,21913.7081719961,4027200,8.15128342565325,1512796690.966987,375.6447881821084,1.7142000123107948
New Zealand,2004,23195000000,103904537815.126,25420.0704134865,4087500,7.58475228061212,1759283291.487981,430.4056982233593,1.6931727222714923
New Zealand,2005,26219355000,114718721396.888,27750.7248353584,4133900,7.64391342463526,2004184796.697776,484.816951715759,1.7470424812040697
New Zealand,2006,26424312000,111608845081.383,26671.3294177179,4184600,8.09073843841042,2137921968.0694973,510.9023486281837,1.9155488675745784
New Zealand,2007,30882017000,137316087308.003,32510.0826999392,4223800,8.57484191865674,2648084139.0427003,626.9435435017521,1.9284587778145683
New Zealand,2008,34369315000,133279679482.674,31287.7786475125,4259800,9.35707970875612,3215964199.9034734,754.9566176589213,2.4129441280068056
New Zealand,2009,25573868000,121338622025.111,28201.2322839936,4302600,10.6910719620498,2734120631.359626,635.4577770091632,2.2532979077294946
New Zealand,2010,30616823000,146583831538.331,33692.0108346543,4350700,10.5809944827267,3239564352.416199,744.6076154219319,2.210042075185535
New Zealand,2011,37104897000,168461998741.295,38426.5508077771,4384000,10.7667436833405,3994989153.957499,911.2657741691376,2.3714482695248997
New Zealand,2012,38253652000,176192886551.397,39970.2562445037,4408100,10.5677571671783,4042553050.937445,917.0738075219358,2.2943906136404646
New Zealand,2013,39640900000,190785204763.525,42949.3268417022,4442100,10.609461379885,4205685976.1388326,946.7787704326405,2.2044088698343822
New Zealand,2014,42518491000,200955119873.905,44560.6403694048,4509700,10.7789575450806,4583050093.6989155,1016.2649607953779,2.280633654208303
New Zealand,2015,36550058000,177620948761.31,38649.3784975761,4595700,11.332309525304,4141965704.238137,901.2698183602361,2.3319128363649155
New Zealand,2016,36062608000,189285950470.754,40331.9591048227,4693200,11.4507225949278,4129429202.5762405,879.8749685877953,2.1815825169836183
New Zealand,2017,40114772747.7625,205852838254.712,42940.5782879727,4793900,11.5209371919653,4621597772.969331,964.058026443883,2.24509791176685
St. Kitts and Nevis,1987,79000000,140705629.62963,3402.71407292761,41351,19.1846968448439,15155910.50742668,366.5185970696399,10.771360426246318
St. Kitts and Nevis,1988,93000000,165745740.740741,4037.95017274687,41047,,,,
St. Kitts and Nevis,1989,102000000,185094777.777778,4530.8620820958,40852,,,,
St. Kitts and Nevis,1990,110000000,208740444.444444,5111.92742431416,40834,,,,
St. Kitts and Nevis,1991,110000000,209880962.962963,5117.42527888628,41013,,,,
St. Kitts and Nevis,1992,95000000,229434518.518519,5547.12213240779,41361,,,,
St. Kitts and Nevis,1993,118000000,249676000,5966.54399464704,41846,21.9917867210318,25950308.330817524,620.1383245905827,10.393593429411526
St. Kitts and Nevis,1994,128000000,277567259.259259,6550.56897692538,42373,21.1748208443967,27103770.680827774,639.6471970553837,9.76475782956511
St. Kitts and Nevis,1995,133000000,299699666.666667,6987.47211924802,42891,21.0626868862175,28013373.558669273,653.1294108010835,9.347148720664546
St. Kitts and Nevis,1996,149000000,318742962.962963,7348.87978611032,43373,20.3110210857384,30263421.417750217,697.7479403718953,9.494616331738982
St. Kitts and Nevis,1997,147000000,357237682.126571,8147.55467149959,43846,19.1559915977286,28159307.648661043,642.2320770118379,7.882513255889973
St. Kitts and Nevis,1998,149000000,364975456.93842,8235.56325875894,44317,,,,
St. Kitts and Nevis,1999,153000000,389984428.873318,8700.34867199085,44824,18.517082269962,28331135.873041857,632.0528260093222,7.264683863120315
St. Kitts and Nevis,2000,196000000,420515107.700293,9267.75483096692,45374,19.0418746375934,37322074.28968306,822.5431808895636,8.875323051718519
St. Kitts and Nevis,2001,189000000,461078078.078078,10025.615961689,45990,17.3540402628959,32799136.096873254,713.1797368313385,7.113575261177157
St. Kitts and Nevis,2002,201000000,483120194.268342,10358.2726414173,46641,15.6144732663304,31385091.265324105,672.9077692443152,6.4963318937340295
St. Kitts and Nevis,2003,199000000,465850739.628517,9847.60367878319,47306,16.5814214358005,32997028.657242995,697.5231187849954,7.08317618719588
St. Kitts and Nevis,2004,182681000,502561629.62963,10476.3634201836,47971,19.4219864343816,35480279.03819265,739.6193333095548,7.059886180395497
St. Kitts and Nevis,2005,210470370.37037,543167666.666667,11173.7603971666,48611,18.4972133768849,38931153.502527274,800.8712740434731,7.167428382002473
St. Kitts and Nevis,2006,249533000,636218037.037037,12928.6331444226,49210,18.6122036002942,46443590.009922124,943.7835807746825,7.299948650657077
St. Kitts and Nevis,2007,271670000,674008481.481481,13538.9285796654,49783,18.6853413878136,50762466.94827321,1019.6747272818675,7.531428512100698
St. Kitts and Nevis,2008,325000000,738942555.555555,14681.3668353246,50332,17.7498899202276,57687142.240739696,1146.1325248497913,7.806715394455675
St. Kitts and Nevis,2009,295754000,723209111.111111,14212.3395651282,50886,20.9627578074886,61998194.72595983,1218.374301889711,8.572651225412267
St. Kitts and Nevis,2010,269822000,705015370.37037,13704.2544536956,51445,19.7109410365794,53184455.32371926,1033.8119413688262,7.543729904183444
St. Kitts and Nevis,2011,246655000,753225962.962963,14483.4435058063,52006,23.6951172828548,58445191.534025505,1123.8163199251146,7.759317178090863
St. Kitts and Nevis,2012,225613000,734462666.666667,13965.558111971,52591,25.5742160643338,57698756.08922541,1097.1222469476795,7.8559140862923895
St. Kitts and Nevis,2013,248904000,788163888.888889,14823.7485920158,53169,21.891225072237,54488134.85380078,1024.8102250145907,6.913300091763304
St. Kitts and Nevis,2014,268445000,847778185.185185,15775.8459440106,53739,20.9947499056535,56359356.38423153,1048.7607954042971,6.647889432531298
St. Kitts and Nevis,2015,296873000,878281518.518518,16178.188891072,54288,21.2090147620695,62963838.39459859,1159.8113467911617,7.1689813649734715
St. Kitts and Nevis,2016,333348000,909854629.62963,16596.8265742987,54821,24.8668204346596,82893048.58252908,1512.0674300455862,9.110581611951785
St. Kitts and Nevis,2017,300000000,945854481.481481,17090.1523440506,55345,25.3818111666244,76145433.49987319,1375.8322070624843,8.050438517837065
St. Lucia,1987,179000000,319998986.666667,2442.10652705913,131034,24.3314021169878,43553209.78940816,332.38098348068564,13.610421158857038
St. Lucia,1988,220000000,366541091.111111,2744.94762426599,133533,22.4174503735842,49318390.821885236,369.3348522229354,13.455078303058569
St. Lucia,1989,274000000,415518112.222222,3056.26902984953,135956,21.9066202069504,60024139.3670441,441.4968031351621,14.445613223941193
St. Lucia,1990,271000000,483962430.740741,3502.27905156667,138185,23.1825029677203,62824583.04252201,454.64111909774584,12.981293392209029
St. Lucia,1991,295000000,513753818.148148,3665.58561993884,140156,23.7458803695967,70050347.09031026,499.8026990661139,13.635002722278605
St. Lucia,1992,313000000,566894748.518518,3994.32621820341,141925,23.7135731486808,74223483.9553709,522.976811381863,13.092991979435553
St. Lucia,1993,300000000,574870405.185185,4004.25176878198,143565,24.2606238964915,72781871.6894745,506.9611095286072,12.660570283841455
St. Lucia,1994,303000000,600005564.444444,4130.93257998062,145247,24.990214588383,75720350.2028005,521.3212679284288,12.619941328862733
St. Lucia,1995,307000000,640449501.481481,4355.49564403499,147044,26.7024937718967,81976655.87972288,557.4974557256527,12.79986254811587
St. Lucia,1996,313000000,662196185.185185,4444.15039317861,149004,25.7665066534476,80649165.825291,541.2550389606386,12.179044160868616
St. Lucia,1997,332000000,676949593.703704,4480.55805106829,151086,25.5378303692912,84785596.82604678,561.1744094492327,12.524654363432091
St. Lucia,1998,328000000,737554871.851852,4814.86112592032,153183,26.0642463652844,85490728.07813282,558.0954027413801,11.591100722239526
St. Lucia,1999,355000000,775934812.592593,5000.48212688238,155172,23.5881052505836,83737773.63957177,539.6448691746692,10.79185677464101
St. Lucia,2000,355000000,784159228.703704,4996.26776025144,156949,22.8667247297284,81176872.79053582,517.2181587046482,10.352090470800116
St. Lucia,2001,355000000,743808076.018518,4693.86154595693,158464,26.4854278646442,94023268.91948691,593.3415092354535,12.640796994673407
St. Lucia,2002,309000000,748346605.925926,4684.10461700097,159763,23.2663061733903,71892886.07577604,449.9970961723055,9.60689679173774
St. Lucia,2003,403000000,823837141.096296,5117.8591508905,160973,22.11508398874,89123788.4746222,553.6567528381916,10.818131889031303
St. Lucia,2004,421582000,893107210.788889,5504.47892949128,162251,23.6203701421033,99579228.85248193,613.7356863901111,11.149750852926466
St. Lucia,2005,485775000,951207366.040741,5810.17729724239,163714,21.5817628844973,104838808.65216677,640.3777847475889,11.021656517289463
St. Lucia,2006,592368000,1134193629.62963,6856.98688465198,165407,19.6660711992965,116495512.6418487,704.2961461234936,10.271219093329789
St. Lucia,2007,613908000,1277494148.14815,7636.49603168277,167288,20.3891185359096,125170429.8214319,748.2331656869106,9.798121580664649
St. Lucia,2008,655737000,1282215407.40741,7577.20959347245,169220,21.1301949080764,138558506.18437296,818.8069151658963,10.806180099218501
St. Lucia,2009,520410000,1262973407.40741,7384.85930118585,171022,24.5585477620728,127805138.40860306,747.3023260668397,10.119384751810193
St. Lucia,2010,662491000,1381968259.25926,8007.69648429285,172580,24.0761358981134,159502233.47277042,924.222004130087,11.541671265175381
St. Lucia,2011,696858000,1437684814.81481,8270.54175764425,173832,23.3471216423989,162696284.9347881,935.9397863154546,11.31654749763391
St. Lucia,2012,643598000,1436803333.33333,8218.05321207615,174835,24.2951981170325,156363409.17725882,894.3484381116986,10.882728731878814
St. Lucia,2013,620421000,1489928888.88889,8481.89052082938,175660,17.9813164158864,111559863.12060656,635.0897365399439,7.487596485480726
St. Lucia,2014,627322000,1551921037.03704,8796.69108007004,176421,24.7932946818416,155533792.06402236,881.6058862835057,10.02201712278936
St. Lucia,2015,570211000,1649142629.62963,9306.35886837708,177206,26.5816796559206,151571661.3828214,855.3415876596808,9.190937076004268
St. Lucia,2016,654766000,1667078703.7037,9364.82152461143,178015,22.6227278227547,148125930.05593804,832.098025761526,8.885359145123202
St. Lucia,2017,660000000,1712306555.55556,9574.30249578155,178844,,,,
Trinidad and Tobago,1987,1219000000,4797777777.77778,4014.04711978175,1195247,21.719215859319,264757241.3250986,221.50839226126365,5.518330643644943
Trinidad and Tobago,1988,1127000000,4496852073.46896,3732.1588501792,1204893,19.6647291972099,221621498.0525556,183.93458842615536,4.928369766933259
Trinidad and Tobago,1989,1222000000,4323058823.52941,3562.10722886941,1213624,20.7448842077703,253502485.01895308,208.88057999755532,5.86396103701383
Trinidad and Tobago,1990,1109000000,5068000000,4147.63892298879,1221900,19.4072471842895,215226371.27377054,176.14074087386084,4.246771335315125
Trinidad and Tobago,1991,1667000000,5307905882.35294,4315.69694485269,1229907,15.4343420707863,257290482.32000762,209.1950711070086,4.847306791467701
Trinidad and Tobago,1992,1104000000,5439552941.17647,4395.64451277183,1237487,17.2095087834774,189992976.9695905,153.53129121323337,3.4928049974728017
Trinidad and Tobago,1993,1463000000,4669488516.37981,3752.3804642531,1244407,14.5990681770753,213584367.43061164,171.63545964512545,4.574042032256686
Trinidad and Tobago,1994,1134000000,4947205860.01451,3956.75808875383,1250318,19.3035743499647,218902533.12859967,175.0774867902403,4.42477105911169
Trinidad and Tobago,1995,1714000000,5329214163.22001,4246.38240385467,1255001,15.679757163699,268751037.7858008,214.1440825830424,5.042976873412354
Trinidad and Tobago,1996,2144000000,5759537726.26601,4577.00452831296,1258364,13.532427754856,290135251.0641126,230.56544136999517,5.037474617814707
Trinidad and Tobago,1997,2990000000,5737751331.63779,4551.32185350882,1260678,10.428386017321,311808741.9178979,247.33416615336975,5.434336970976657
Trinidad and Tobago,1998,2999000000,6043694330.21609,4786.92536978262,1262542,11.280513568057,338302601.9060294,267.9535428572114,5.597612708747524
Trinidad and Tobago,1999,2741000000,6808982520.75759,5383.55242691988,1264775,11.2998497458274,309728881.53312904,244.88852288599082,4.548827678568744
Trinidad and Tobago,2000,3308000000,8154338232.95978,6430.94726192111,1267984,8.31423107503179,275034763.96205163,216.90712498111304,3.3728643098266757
Trinidad and Tobago,2001,3569000000,8824873259.32105,6935.72145060521,1272380,8.82788016532923,315067043.10060024,247.62024167355682,3.570216068177734
Trinidad and Tobago,2002,3643000000,9008273720.93395,7049.62661194969,1277837,8.78909870588955,320186865.8555563,250.56941210463955,3.5543643074642306
Trinidad and Tobago,2003,3892000000,11305459802.0683,8804.5186659639,1284052,9.47799539745892,368883580.8691012,287.28087403711163,3.2628799476303927
Trinidad and Tobago,2004,4858010000,13280275123.0354,10290.5191436384,1290535,8.64440025332102,419945828.7463605,325.40444757124794,3.162177175214844
Trinidad and Tobago,2005,5693909000,15982282462.3786,12323.1270537888,1296934,9.02233331623972,513723448.70337194,396.10608458361946,3.2143309312211708
Trinidad and Tobago,2006,6484480000,18369070085.3888,14095.9633665879,1303144,7.78086534094884,504548656.8607594,387.17797638692224,2.7467294452868876
Trinidad and Tobago,2007,7662830000,21642304045.512,16530.1804420146,1309260,8.08435385703043,619490292.662685,473.1606347575615,2.8624045358569377
Trinidad and Tobago,2008,9591397000,27870257894.2347,21188.118565877,1315372,8.25505186906909,791774797.3183367,601.9398294310178,2.840931003663676
Trinidad and Tobago,2009,6955437000,19175196445.7936,14508.8796049945,1321618,10.0557167290489,699419041.9874569,529.2142222544312,3.6475195649997434
Trinidad and Tobago,2010,6479599000,22157948396.2042,16683.9457843568,1328100,11.1898967173404,725060435.7978214,545.9381340244119,3.2722363227546327
Trinidad and Tobago,2011,9510940000,25433011405.3017,19053.9706719731,1334788,9.11606486283943,867023459.4657404,649.5589258112452,3.409047578553765
Trinidad and Tobago,2012,9064990000,25622915889.0133,19098.9453461221,1341588,8.62552917790838,781903357.4244769,582.8192838818452,3.0515783637245777
Trinidad and Tobago,2013,12629100000,26578524198.305,19713.3792880131,1348248,8.13393752545269,1027243104.0269457,761.9096071545782,3.8649365794826798
Trinidad and Tobago,2014,11276100000,27199856454.1043,20081.2085807046,1354493,9.52166194046911,1073672122.0692374,792.674544696235,3.947344810002578
Trinidad and Tobago,2015,9473800000,24402499451.187,17941.8005923033,1360092,11.4133730676156,1081280137.679767,795.0051450047254,4.4310220755979595
Trinidad and Tobago,2016,8042600000,22320008403.1092,16352.1097313399,1364962,,,,
Trinidad and Tobago,2017,5900000000,22104775828.46,16145.1845729645,1369125,,,,
United States,1987,424442000000,4870217000000,20100.8588916542,242289000,6.48048006886337,27505879213.885067,113.52508456382695,0.5647772822830085
United States,1988,459542000000,5252629000000,21483.2330602579,244499000,5.94058960563208,27299504285.51377,111.65487092181878,0.519730296685979
United States,1989,492922000000,5657693000000,22922.4370895271,246819000,5.71864756249915,28188471938.02206,114.20705836269518,0.49823261774758826
United States,1990,516987000000,5979589000000,23954.4793548671,249623000,5.8105104691042,30039583758.90773,120.33980746528857,0.5023687039177396
United States,1991,508363000000,6174043000000,24405.1648147489,252981000,5.92763519145596,30133904088.341263,119.11528568683522,0.48807408837841365
United States,1992,553923000000,6539299000000,25492.9516517617,256514000,5.73252701958167,31753785642.677376,123.78967870243876,0.48558393862518556
United States,1993,603438000000,6878718000000,26464.852511744,259919000,5.33614663357419,32200336522.707417,123.88604343163607,0.4681153744448808
United States,1994,689215000000,7308755000000,27776.635528226,263126000,5.04157365137311,34747281841.31118,132.05567614493125,0.47541998385923706
United States,1995,770852000000,7664060000000,28782.1750200918,266278000,4.78553614911842,36889401116.202324,138.53717211411504,0.4813297536319173
United States,1996,822025000000,8100201000000,30068.2309182833,269394000,4.93348534252006,40554482886.850525,150.53966638770916,0.5006602044424642
United States,1997,899020000000,8608515000000,31572.6902298492,272657000,4.99457239580214,44902204752.7404,164.68385096564697,0.5216022130732235
United States,1998,944353000000,9089168000000,32949.1977640346,275854000,4.89297102412597,46206918655.464325,167.50497964671285,0.5083734688968707
United States,1999,1059440000000,9660624000000,34620.9288990826,279040000,4.59788192859158,48711800304.27063,174.5692384757405,0.5042303717054988
United States,2000,1259300000000,10284779000000,36449.8551155349,282162411,3.9280630856154,49466098437.15473,175.3107306598494,0.480964135808409
United States,2001,1179180000000,10621824000000,37273.6181034176,284968955,4.24655088676952,50074478746.608826,175.7190664737807,0.471430130518156
United States,2002,1200230000000,10977514000000,38166.0378407812,287625193,4.59842866649013,55191720383.81448,191.88764310994998,0.5027706672368123
United States,2003,1303050000000,11510670000000,39677.1983481058,290107933,4.6707804507746,60862604663.81842,209.79296923886056,0.5287494530189678
United States,2004,1525680000000,12274928000000,41921.8097617892,292805298,4.37594243865749,66762878598.1096,228.01117006465367,0.5438962949363907
United States,2005,1732706000000,13093726000000,44307.9205848603,295516599,4.20504763270186,72861112634.68309,246.55505944924295,0.5564582047515206
United States,2006,1918077000000,13855888000000,46437.0671173065,298379912,4.18796885400341,80328467355.80298,269.2153999824324,0.5797424701744339
United States,2007,2020403000000,14477635000000,48061.5376613353,301231207,4.347647272649,87839995926.01857,291.60323991935724,0.606728902379557
United States,2008,2169487100000,14718582000000,48401.4273403899,304093966,4.40120377890201,95483548227.99164,313.99356417348855,0.6487279021035561
United States,2009,1605295700000,14418739000000,47001.5553496818,306771529,5.45228718700077,87525331764.57431,285.31113056640373,0.6070248706532125
United States,2010,1969183900000,14964372000000,48375.4069462972,309338421,4.97176371276035,97903170577.71904,316.49211326943134,0.6542417588771453
United States,2011,2266023985000,15517926000000,49793.7135249201,311644280,5.06844100012029,114852088728.29967,368.53584711485695,0.7401252508118653
United States,2012,2336524020000,16155255000000,51450.9591148182,313993272,4.93157536542741,115227442977.6142,366.97424197552294,0.7132505366062881
United States,2013,2329059800000,16691517000000,52782.086508871,316234505,5.17585068694877,120548657657.74767,381.2002034937575,0.7222151087750003
United States,2014,2412547023713,17427609000000,54696.7261652327,318622525,5.5485460965182,133861283710.89366,420.12498554800436,0.7680989613141633
United States,2015,2315301204354,18120714000000,56443.8172422582,321039839,5.85268633866733,135507317286.22673,422.08879031435947,0.7478034104297807
United States,2016,2250153877992,18624475000000,57588.538070583,323405935,6.15465571525551,138489224253.87814,428.22103513306934,0.7435872648967455
United States,2017,2409495095621,19390604000000,59531.661964344,325719178,6.10044063102068,146989817815.71408,451.2777501106001,0.7580466179171834
United Kingdom,1987,154407000000,745162608269.325,13118.586534629,56802050,11.5278507459226,17799808501.256706,313.3656003833789,2.388714664923619
United Kingdom,1988,189340000000,910122732123.799,15987.1680775688,56928327,10.5153751461683,19909811301.75506,349.734698891732,2.1875963097081326
United Kingdom,1989,197731000000,926884816753.927,16239.2821960944,57076711,9.89321173503967,19561946495.81129,342.7307942780952,2.11050457858613
United Kingdom,1990,222977000000,1093169389204.55,19095.4669984608,57247586,10.2729374251902,22906287682.566353,400.126700234423,2.0954014911846572
United Kingdom,1991,209947000000,1142797178130.51,19900.7266505069,57424897,11.1401708861676,23388454570.38229,407.28770606906426,2.046597158092674
United Kingdom,1992,221551000000,1179659529659.53,20487.1707852878,57580402,11.1679120791515,24742620890.48094,429.7055948043041,2.097437461266649
United Kingdom,1993,209318000000,1061388722255.55,18389.0195675099,57718614,9.99898169671064,20929668507.92078,362.6155768037115,1.9719135948084394
United Kingdom,1994,234076000000,1140489745944.29,19709.2380983653,57865745,10.260407075529,24017150466.11526,415.0495334695036,2.105862902452473
United Kingdom,1995,267250000000,1335218557677.13,23013.4588199274,58019030,10.0588556918677,26882291836.51643,463.33576822150303,2.013325210464672
United Kingdom,1996,287332000000,1408781591263.65,24219.6228487767,58166950,10.0687632561678,28930778839.212067,497.3748638911283,2.0536028450841495
United Kingdom,1997,307518000000,1552483628028.81,26621.4800592777,58316954,9.44364817051278,29040917980.997494,497.98413649995325,1.870610256796767
United Kingdom,1998,321231000000,1638511096389.53,28014.8946994953,58487141,9.32892865656316,29967410812.76441,512.3760590856101,1.828941584759346
United Kingdom,1999,324899403477,1665623685487.79,28383.6689052533,58682466,8.94856803649489,29073844170.30539,495.44346296396935,1.7455229787868263
United Kingdom,2000,348057557314,1647951278559.54,27982.3557635787,58892514,7.8370448417543,27277426841.81285,463.17307564443337,1.6552326028507234
United Kingdom,2001,343785506789,1621510004318.41,27427.58750236,59119673,8.27491767787796,28447967675.265297,481.19291314864506,1.7544120973353596
United Kingdom,2002,364074754539,1768408273381.29,29785.986287584,59370479,8.62961150351826,31418236899.103413,529.1895472007799,1.7766393299568817
United Kingdom,2003,399401428268,2038395102040.82,34173.9799764342,59647577,9.11849089228754,36419382860.28393,610.5760651481942,1.7866694648069563
United Kingdom,2004,470632528734,2398555474185.28,39983.9846746653,59987905,8.87348650095168,41761513906.29903,696.1655671472279,1.7411110293575431
United Kingdom,2005,519273236616.414,2520701818181.82,41732.640540022,60401206,8.80148877143657,45703775613.868935,756.6699183766121,1.8131369321118287
United Kingdom,2006,612671005570.301,2692612695492.18,44252.3158234429,60846820,8.14114818362166,49878454441.56312,819.738064233482,1.8524184530908143
United Kingdom,2007,638262575389.501,3074359743897.56,50134.3160971463,61322463,8.55415060630513,54597941962.49974,890.3416348834479,1.7759125967894207
United Kingdom,2008,657782671791.372,2890564338235.29,46767.5922156593,61806995,9.07746201754269,59709972189.83928,966.0714323652085,2.0656856310035514
United Kingdom,2009,519078080941.974,2382825985355.97,38262.1821338364,62276270,9.71186341284621,50412154227.1078,809.4921906387104,2.115645646678506
United Kingdom,2010,591094912207.81,2441173394729.62,38893.0184937365,62766365,9.03720316283609,53418448101.40742,851.0680537483319,2.188228342023363
United Kingdom,2011,676895684806.704,2619700404733.37,41412.3492395708,63258918,9.04986012935231,61258112696.62819,968.371174110632,2.3383632947471704
United Kingdom,2012,695220440640,2662085168498.93,41790.7791407408,63700300,8.87050678396586,61669576350.48855,968.1206579951515,2.3165891565093
United Kingdom,2013,660034489650,2739818680930.19,42724.0678844007,64128226,10.0988432668096,66655848616.64014,1039.4151339324455,2.432856198863859
United Kingdom,2014,690466087600,3022827781881.39,46783.4692171284,64613160,9.95054111929438,68705111961.42116,1063.3300083360907,2.2728754966867317
United Kingdom,2015,626369334500,2885570309160.86,44305.5546320834,65128861,10.0721994784137,63089168842.452354,968.682207454117,2.186367410357748
United Kingdom,2016,636365886580,2650850178102.14,40412.0336199885,65595565,10.19929127924,64904810374.01226,989.4694919391618,2.4484526100407704
United Kingdom,2017,644055074520,2622433959604.16,39720.4434267836,66022273,10.151422321134,65380750595.2195,990.2832426750817,2.493132395413622
St. Vincent,1987,99000000,175580629.62963,1658.04779811919,105896,,,,
St. Vincent,1988,122000000,200726703.703704,1884.12089531899,106536,,,,
St. Vincent,1989,127000000,214745000,2005.38829330245,107084,,,,
St. Vincent,1990,136000000,240365259.259259,2235.85190697418,107505,,,,
St. Vincent,1991,139000000,254829629.62963,2363.60425946194,107814,,,,
St. Vincent,1992,132000000,277954111.111111,2573.5776886856,108003,,,,
St. Vincent,1993,134000000,286307814.814815,2648.74194958753,108092,25.4425944987423,34093076.62831468,315.40795459714576,11.907840046338315
St. Vincent,1994,130000000,289438481.481481,2676.78866429433,108129,22.6579160675266,29455290.887784578,272.40879771184956,10.176701707740683
St. Vincent,1995,135000000,316008481.481481,2922.7028863828,108122,22.5109155886933,30389736.044735957,281.06894105488203,9.616746962697228
St. Vincent,1996,131000000,331489703.703704,3067.21909510714,108075,,,,
St. Vincent,1997,188000000,347770000,3219.97333432095,108004,25.39079558544,47734695.7006272,441.97155383714676,13.72593832148466
St. Vincent,1998,193000000,373619851.851852,3461.94336513271,107922,25.3517343509223,48928847.297280036,453.37231794518294,13.09589066393649
St. Vincent,1999,201000000,390719148.148148,3621.79410593389,107880,22.989364022309,46208621.68484109,428.3335343422422,11.826556723378268
St. Vincent,2000,163000000,396270000,3672.63526664072,107898,26.6614139597358,43458104.754369356,402.77025296455315,10.966791519511785
St. Vincent,2001,185920000,430040370.37037,3982.29775873588,107988,23.1446149359932,43030468.088998556,398.47453503165684,10.006146179238659
St. Vincent,2002,174000000,461883444.444444,4270.92490193298,108146,24.8656884129664,43266297.838561535,400.07302940988603,9.367362774953426
St. Vincent,2003,201110000,481806296.296296,4446.75861833222,108350,21.5989243639271,43437596.78829379,400.9007548527345,9.015572673542026
St. Vincent,2004,225560000,521975111.111111,4808.21591126586,108559,22.0131268608097,49652808.94724236,457.3808615337499,9.51248591940487
St. Vincent,2005,240434000,550728666.666667,5064.4510654994,108744,21.5204205211992,51742407.875940084,475.81850838611865,9.395263222652908
St. Vincent,2006,271319000,610930037.037037,5609.64893934308,108907,20.222479600603,54867429.427560054,503.8007605347687,8.980967721551686
St. Vincent,2007,326688000,651833333.333333,5977.54485069129,109047,21.7641314723363,71100805.824346,652.0198247026145,10.907819865662907
St. Vincent,2008,373181000,695428851.851852,6370.43788624423,109165,23.2033545329437,86590510.47958462,793.2076258836131,12.451383092462072
St. Vincent,2009,333490000,674922481.481482,6177.61051395826,109253,23.5158985800428,78423170.17458475,717.8125101789859,11.619581852191786
St. Vincent,2010,337966000,681225962.962963,6231.77023247462,109315,22.1555614093682,74878264.67278533,684.977035839412,10.991692733950646
St. Vincent,2011,331727000,676129407.407407,6183.67682211986,109341,24.1757265124516,80197412.28796032,733.4614855174209,11.861251915587328
St. Vincent,2012,356047000,692933740.740741,6338.11778081316,109328,24.6541053426374,87780202.44930018,802.9068715178196,12.667907086681016
St. Vincent,2013,370007000,721207148.148148,6597.21138079169,109320,,,,
St. Vincent,2014,361494000,725185185.185185,6631.35588197541,109357,,,,
St. Vincent,2015,333711000,756666666.666667,6913.03884396936,109455,27.9828515185557,93381853.63108742,853.1529270575801,12.341214136267055
St. Vincent,2016,334754000,765555555.555555,6982.25655587275,109643,,,,
St. Vincent,2017,305000000,789629629.62963,7185.17911889887,109897,,,,
Puerto Rico,1987,,24025800000,6980.49014338219,3441850,,,,
Puerto Rico,1988,,26385800000,7595.44465611829,3473898,,,,
Puerto Rico,1989,,28161200000,8033.08944133042,3505650,,,,
Puerto Rico,1990,,30603919000,8652.50749222505,3537000,,,,
Puerto Rico,1991,,32287031000,9064.01851711486,3562110,,,,
Puerto Rico,1992,,34630430000,9659.33889995916,3585176,,,,
Puerto Rico,1993,,36922456000,10212.2767630564,3615497,,,,
Puerto Rico,1994,,39690630000,10876.4188239898,3649237,,,,
Puerto Rico,1995,,42647331000,11579.1849969985,3683103,,,,
Puerto Rico,1996,,45340835000,12173.163688986,3724655,,,,
Puerto Rico,1997,,48187039000,12817.6449621352,3759430,,,,
Puerto Rico,1998,,54086400000,14304.4049868015,3781101,,,,
Puerto Rico,1999,,57841000000,15220.9913420267,3800081,,,,
Puerto Rico,2000,,61701800000,16192.1269719638,3810605,,,,
Puerto Rico,2001,,69208400000,18123.1987019918,3818774,,,,
Puerto Rico,2002,,71623500000,18731.4593897378,3823701,,,,
Puerto Rico,2003,,74827400000,19557.1202492358,3826095,,,,
Puerto Rico,2004,,80322313000,20988.9923326534,3826878,,,,
Puerto Rico,2005,,83914521300,21959.322696986,3821362,,,,
Puerto Rico,2006,,87276164400,22935.9411586313,3805214,,,,
Puerto Rico,2007,,89524131600,23664.8823485096,3782995,,,,
Puerto Rico,2008,,93639316000,24898.3388400438,3760866,,,,
Puerto Rico,2009,,96385638000,25768.7360476525,3740410,,,,
Puerto Rico,2010,,98381268000,26435.7401871545,3721525,,,,
Puerto Rico,2011,,100351670000,27278.8748949366,3678732,,,,
Puerto Rico,2012,,101564800000,27944.7338937424,3634488,,,,
Puerto Rico,2013,,102450000000,28513.1657351067,3593077,,,,
Puerto Rico,2014,,102445800000,28981.4573305866,3534874,,,,
Puerto Rico,2015,,103143500000,29697.1619931838,3473177,,,,
Puerto Rico,2016,,105034500000,30833.3724739617,3406520,,,,
Puerto Rico,2017,,,,3337177,,,,
Bermuda,1987,420000000,1296499968,22411.7956749468,57849,,,,
Bermuda,1988,488000000,1415100032,24253.1755188784,58347,21.7206489475609,105996766.8640972,1816.6618140452326,7.490408060714198
Bermuda,1989,535000000,1501500032,25517.9217212488,58841,,,,
Bermuda,1990,595000000,1592400000,26841.5197383946,59326,22.3265968694802,132843251.37340717,2239.2079589624645,8.342329274893693
Bermuda,1991,510000000,1634899968,27700.3095169516,59021,24.7611384100453,126281805.89123105,2139.6080359741627,7.724130427729695
Bermuda,1992,562000000,1679900032,28669.6822595785,58595,21.923017076598,123207355.97048075,2102.6940177571596,7.334207608996627
Bermuda,1993,534000000,1820359936,30900.6948905109,58910,19.7373001937059,105397183.0343895,1789.1221020945425,5.789908959762422
Bermuda,1994,551000000,1867160064,31476.0631153068,59320,,,,
Bermuda,1995,550000000,2030749952,33989.7223579821,59746,20.6636824713529,113650253.59244095,1902.2236399498033,5.596467131786048
Bermuda,1996,569000000,2695390000,44826.7890701658,60129,,,,
Bermuda,1997,619000000,2932827000,48478.8832504091,60497,20.4953779501935,126866389.51169777,2097.06910279349,4.325737232768853
Bermuda,1998,629000000,3130748000,51371.7408069836,60943,,,,
Bermuda,1999,712000000,3324433000,54245.459737293,61285,,,,
Bermuda,2000,720000000,3480219000,56284.1686478094,61833,,,,
Bermuda,2001,720000000,3680483000,58883.9594265967,62504,,,,
Bermuda,2002,747000000,3937228000,62583.1002034588,62912,,,,
Bermuda,2003,833000000,4186525000,66111.7252270036,63325,,,,
Bermuda,2004,988000000,4484703000,70359.3191088798,63740,,,,
Bermuda,2005,985000000,4868136000,75882.0338560339,64154,,,,
Bermuda,2006,1094000000,5414299000,83912.6977976846,64523,,,,
Bermuda,2007,1167000000,5895048000,90849.5869806436,64888,,,,
Bermuda,2008,1159000000,6109928000,93605.7481653976,65273,,,,
Bermuda,2009,1064000000,5806378000,88463.3128161375,65636,,,,
Bermuda,2010,972000000,5744414000,88207.3275597322,65124,13.0651271754705,126993036.14557327,1950.0189814135076,2.210722210230204
Bermuda,2011,900000000,5550771000,85973.158416455,64564,16.9279253572801,152351328.2155209,2359.6946938777164,2.7446876878098716
Bermuda,2012,900000000,5537537000,85458.455507886,64798,20.5957087016509,185361378.3148581,2860.6033876795286,3.34736144092325
Bermuda,2013,1012000000,5573710000,85748.0654143782,65001,19.1694439341336,193994772.61343205,2984.4890480674458,3.4805322238407097
Bermuda,2014,969000000,,,65139,20.7746736157641,201306587.3367541,3090.4156854841817,
Bermuda,2015,934000000,,,65239,20.6829507665407,193178760.15949014,2961.0932135607554,
Bermuda,2016,977000000,,,65341,21.0137863248422,205304692.39370832,3142.050051173204,
Bermuda,2017,1150000000,,,65441,20.3912589003341,234499477.35384214,3583.372463040634,
Sri Lanka,1987,2058000000,6682167119.56522,401.380898337015,16647945,15.6013002878504,321074759.9239612,19.28614972742649,4.804949564698289
Sri Lanka,1988,2262000000,6978371581.26375,413.357034521042,16882189,20.2732027194947,458579845.5149701,27.163529890286746,6.571444930594016
Sri Lanka,1989,2188000000,6987267683.77254,408.356313601458,17110713,20.8354585046079,455879832.0808208,26.642947729929244,6.524436342113686
Sri Lanka,1990,2688000000,8032551173.24014,463.513225708939,17329713,19.0629798777585,512412899.1141485,29.568458468651414,6.37920491339308
Sri Lanka,1991,3055000000,9000362581.58086,513.144293360121,17539633,17.4767440348,533914530.26313996,30.44046191064203,5.932144682213025
Sri Lanka,1992,3500000000,9703011635.86585,546.937048306994,17740637,16.2395769063755,568385191.7231425,32.03860107859388,5.857822427236763
Sri Lanka,1993,4005000000,10338679635.7616,576.659274878361,17928576,13.9296016432375,557880545.8116618,31.1168352585092,5.396052160103184
Sri Lanka,1994,4767000000,11717604208.8223,647.440540364366,18098348,15.8840576415854,757193027.774376,41.83768749359754,6.462012321633785
Sri Lanka,1995,5306000000,13029697560.9756,714.068677517709,18247121,,,,
Sri Lanka,1996,5442000000,13897738375.2488,756.458066638405,18372120,,,,
Sri Lanka,1997,5864000000,15091913883.7091,816.816485786089,18476505,,,,
Sri Lanka,1998,5905000000,15794972847.1683,850.53185914567,18570701,,,,
Sri Lanka,1999,5961000000,15656327859.5696,838.622394421931,18669103,15.3402549212304,914432595.8545442,48.981067588225535,5.840658193010544
Sri Lanka,2000,7177000000,16330814179.9766,869.495692083353,18781938,13.334407252243,957010408.4934801,50.95376251872837,5.860151232795738
Sri Lanka,2001,5973000000,15749753804.8344,832.745140199694,18913054,14.36026052645,857738361.2448585,45.351658238001036,5.446042978662784
Sri Lanka,2002,6104800000,16536535647.0834,867.6360436681,19059300,14.2385153185742,869232883.1683177,45.6067580219797,5.256438843776973
Sri Lanka,2003,6671940000,18881765437.2151,982.641882183568,19215307,13.618989034787,908650777.0075679,47.28786154744069,4.812318954119929
Sri Lanka,2004,7972880000,20662525941.2986,1066.58848423983,19372538,12.3153359710605,981886958.5694885,50.68447709688264,4.752018031865948
Sri Lanka,2005,8833670000,24405791044.7761,1250.00479113413,19524558,12.4597856493114,1100656346.9675264,56.372920040880125,4.509816317562527
Sri Lanka,2006,10258200000,28267410542.5164,1437.07135458779,19670151,12.3497525962472,1266862320.8282304,64.40531752035001,4.481706306004826
Sri Lanka,2007,11300500000,32351184234.3157,1633.00836904152,19810789,11.91720991731,1346704306.7056165,67.97832770343557,4.1627666454235515
Sri Lanka,2008,13952800000,40715240468.9375,2041.29065505703,19945832,13.8664221268898,1934754146.52068,97.00042327242504,4.751916295316354
Sri Lanka,2009,10049200000,42067974595.4411,2095.53147595189,20075086,15.7456350555409,1582310358.001416,78.81960545530993,3.7613181362263415
Sri Lanka,2010,13511500000,56728002830.3556,2808.54596562183,20198353,15.3506273599079,2074100015.733956,102.6865911163131,3.6562189963509324
Sri Lanka,2011,20269000000,65289915890.3862,3213.87453874078,20315017,13.2981796641977,2695408036.136232,132.68057005003894,4.128368063241945
Sri Lanka,2012,19190000000,68436230407.5235,3350.61103586406,20425000,11.5023180626092,2207294836.2147055,108.0682906347469,3.225330827064443
Sri Lanka,2013,18002800000,74294206490.5894,3609.14289485496,20585000,12.0983205806854,2178036457.499631,105.80696903082978,2.9316370150282385
Sri Lanka,2014,19417000000,79359306575.5208,3820.67818475378,20771000,13.2102376757051,2565031849.491659,123.491013889156,3.2321752295689414
Sri Lanka,2015,18934600000,80554807486.3911,3842.16385988701,20966000,13.1495251007149,2489809979.7199636,118.75464941905769,3.0908272980983678
Sri Lanka,2016,19182800000,81788375089.9849,3857.39636324977,21203000,12.1666655188236,2333907113.1448936,110.07438160377747,2.8535927148290834
Sri Lanka,2017,20859000000,87174682200.4324,4065.22487411082,21444000,13.3750456337582,2789900768.745623,130.10169598701842,3.2003566842160334
Guyana,1987,265000000,354591846.938775,468.104341006904,757506,,,,
Guyana,1988,216000000,413799990,551.196087546671,750731,,,,
Guyana,1989,258000000,379779389.705882,509.316368216132,745665,,,,
Guyana,1990,311000000,396582263.291139,533.536205388525,743309,,,,
Guyana,1991,307000000,336708419.499106,452.389353462305,744289,8.30326764484831,25491031.66968431,34.24883569377528,7.57065466542395
Guyana,1992,442000000,368281378.896883,492.266597824564,748134,6.88649188903137,30438294.149518654,40.68561801698446,8.264956061772873
Guyana,1993,484000000,442273433.179724,586.971233867904,753484,,,,
Guyana,1994,506000000,540874934.201012,713.233520233631,758342,,,,
Guyana,1995,527000000,621626785.915493,816.542932880453,761291,,,,
Guyana,1996,597000000,705406001.424501,925.898558168093,761861,,,,
Guyana,1997,630000000,749138009.564539,985.04688901466,760510,14.1148794028582,88923740.23800665,116.92645755875222,11.870141296087285
Guyana,1998,540000000,717530683.169567,946.670347422484,757952,16.8609659449836,91049216.10291144,120.12530622376013,12.689243573629124
Guyana,1999,480000000,694754988.258295,919.866576622509,755278,16.7216201433399,80263776.68803152,106.27050792957232,11.55281761837328
Guyana,2000,573000000,712667896.727512,946.059937166567,753301,13.9488997381156,79927195.49940239,106.1026010842975,11.215209197217774
Guyana,2001,584000000,696281471.678532,925.582504627414,752263,15.9164152699113,92951865.17628199,123.56298950803374,13.349754223992502
Guyana,2002,563000000,722460886.371384,960.86748271194,751884,15.6963253770352,88370311.87270817,117.53184250856272,12.231847223806804
Guyana,2003,576105000,741929342.788749,986.79581727476,751857,13.9954842528053,80628684.55462396,107.23938801477404,10.867434390929802
Guyana,2004,651296000,785918769.587635,1045.58860960609,751652,12.7084278286404,82769482.11082178,110.11675896667845,10.531556862326909
Guyana,2005,788285000,824880550.343965,1098.45521561333,750946,15.1232087032836,119213985.72667913,158.7517421048639,14.452272595949603
Guyana,2006,889427000,1458449453.33968,1945.63434859303,749601,12.6692959503182,112684138.89203665,150.32549168429156,7.726297173618396
Guyana,2007,1059420000,1740334781.83731,2327.05832416815,747869,13.9315458091902,147593582.6117228,197.35218682914092,8.480758078965989
Guyana,2008,1312230000,1922598121.23066,2576.1249570967,746314,14.3022993247846,187679062.42962098,251.4746640551041,9.7617416951124
Guyana,2009,1160670000,2061323853.88576,2764.30629479659,745693,14.3340211216266,166370682.95238346,223.10881683532426,8.071059898655005
Guyana,2010,1397100000,2273225041.96217,3044.94912901667,746556,14.7977600432898,206739505.5648018,276.9243105203117,9.094546371280131
Guyana,2011,1770500000,2576024115.57832,3438.82541126461,749100,13.8309475787058,244876926.88098618,326.8948429862317,9.506002890272287
Guyana,2012,1996700000,2861562265.88301,3799.75629224491,753091,13.7078197122576,273704036.1946475,363.4408540198296,9.564846428745765
Guyana,2013,1874900000,2990006533.77749,3944.17817327896,758081,14.5200256201631,272235960.3524379,359.1119687110453,9.104861721104758
Guyana,2014,1791300000,3077086275.94585,4030.80232062103,763393,14.6633058517319,262663797.72207353,344.07415017176413,8.536120672837963
Guyana,2015,1491600000,3166029055.69007,4119.67648694763,768514,11.6855948177894,174302332.3021467,226.8043683031756,5.505392693376772
Guyana,2016,1447800000,3504024213.07506,4531.24352689057,773303,16.2864461105641,235795166.78874704,304.91950346597264,6.729267620608649
Guyana,2017,1630000000,3675631961.25908,4725.31906329949,777859,14.9130561474931,243082815.20413753,312.50241393894976,6.613361124460079
